{
  "env": "HalfCheetah-v4",
  "tfg_lambda": 16.0,
  "seeds": [
    0,
    1,
    2,
    3,
    4
  ],
  "final_returns": [
    14616.071575306822,
    13569.954821467214,
    13617.334992739885,
    14607.349025244263,
    15051.765260405684
  ],
  "mean_return": 14292.495135032772,
  "se": 296.4988643008518
}